{
  "sections": {
    "整体": {
      "cat": "整体",
      "count": 203,
      "metrics": {
        "gsb": {
          "obj": {
            "doubao": null,
            "qianwen": 0.034482758620689655,
            "gemini": -0.012315270935960592,
            "gpt": 0.0812807881773399
          },
          "subj": {
            "doubao": null,
            "qianwen": 0.06896551724137931,
            "gemini": -0.017241379310344827,
            "gpt": 0.05665024630541872
          }
        },
        "pvalue": {
          "obj": {
            "doubao": null,
            "qianwen": 0.07857698241211653,
            "gemini": 0.508389294539487,
            "gpt": 0.0005071043939399722
          },
          "subj": {
            "doubao": null,
            "qianwen": 0.020861003529530908,
            "gemini": 0.5474961338922584,
            "gpt": 0.05621964867716245
          }
        },
        "usable": {
          "obj": {
            "doubao": 0.8185550082101807,
            "qianwen": 0.7651888341543513,
            "gemini": 0.8505747126436782,
            "gpt": 0.7356321839080459
          },
          "subj": {
            "doubao": 0.8004926108374384,
            "qianwen": 0.7282430213464696,
            "gemini": 0.7668308702791462,
            "gpt": 0.6839080459770114
          }
        },
        "perfect": {
          "obj": {
            "doubao": 0.0,
            "qianwen": 0.0,
            "gemini": 0.0,
            "gpt": 0.0
          },
          "subj": {
            "doubao": 0.27011494252873564,
            "qianwen": 0.24548440065681446,
            "gemini": 0.25287356321839083,
            "gpt": 0.19622331691297207
          }
        },
        "quit": {
          "obj": {
            "doubao": 0.0361247947454844,
            "qianwen": 0.06896551724137931,
            "gemini": 0.04433497536945813,
            "gpt": 0.09359605911330049
          },
          "subj": {
            "doubao": 0.04105090311986863,
            "qianwen": 0.07389162561576355,
            "gemini": 0.04926108374384237,
            "gpt": 0.10344827586206896
          }
        },
        "avg_score": {
          "obj": {
            "doubao": 0.6912972085385879,
            "qianwen": 0.6666666666666665,
            "gemini": 0.6937602627257801,
            "gpt": 0.6422413793103449
          },
          "subj": {
            "doubao": 0.7536945812807881,
            "qianwen": 0.7175697865353039,
            "gemini": 0.7354269293924467,
            "gpt": 0.677134646962233
          }
        },
        "wordcount": {
          "doubao": 356.8978102189781,
          "qianwen": 995.992700729927,
          "gemini": 848.2810218978102,
          "gpt": 467.8211678832117
        }
      }
    },
    "知识": {
      "cat": "知识",
      "count": 136,
      "metrics": {
        "gsb": {
          "obj": {
            "doubao": null,
            "qianwen": 0.025735294117647058,
            "gemini": -0.01838235294117647,
            "gpt": 0.12867647058823528
          },
          "subj": {
            "doubao": null,
            "qianwen": 0.10294117647058823,
            "gemini": 0.014705882352941176,
            "gpt": 0.12867647058823528
          }
        },
        "pvalue": {
          "obj": {
            "doubao": null,
            "qianwen": 0.32705960050972727,
            "gemini": 0.4665745061247639,
            "gpt": 6.329393603943245e-05
          },
          "subj": {
            "doubao": null,
            "qianwen": 0.006797998385902115,
            "gemini": 0.6870846074560106,
            "gpt": 0.0005546437243793001
          }
        },
        "usable": {
          "obj": {
            "doubao": 0.7879901960784315,
            "qianwen": 0.7598039215686274,
            "gemini": 0.8357843137254902,
            "gpt": 0.6495098039215685
          },
          "subj": {
            "doubao": 0.7683823529411766,
            "qianwen": 0.7267156862745098,
            "gemini": 0.7254901960784315,
            "gpt": 0.5943627450980392
          }
        },
        "perfect": {
          "obj": {
            "doubao": 0.0,
            "qianwen": 0.0,
            "gemini": 0.0,
            "gpt": 0.0
          },
          "subj": {
            "doubao": 0.35906862745098034,
            "qianwen": 0.3590686274509804,
            "gemini": 0.3553921568627451,
            "gpt": 0.25612745098039214
          }
        },
        "quit": {
          "obj": {
            "doubao": 0.053921568627450976,
            "qianwen": 0.07352941176470588,
            "gemini": 0.0661764705882353,
            "gpt": 0.13970588235294118
          },
          "subj": {
            "doubao": 0.053921568627450976,
            "qianwen": 0.07352941176470588,
            "gemini": 0.0661764705882353,
            "gpt": 0.13970588235294118
          }
        },
        "avg_score": {
          "obj": {
            "doubao": 0.6770833333333334,
            "qianwen": 0.6605392156862745,
            "gemini": 0.6807598039215687,
            "gpt": 0.6011029411764706
          },
          "subj": {
            "doubao": 0.7619485294117647,
            "qianwen": 0.7420343137254902,
            "gemini": 0.7420343137254902,
            "gpt": 0.6513480392156863
          }
        },
        "wordcount": {
          "doubao": 369.1703296703297,
          "qianwen": 1003.5989010989011,
          "gemini": 859.0439560439561,
          "gpt": 500.75274725274727
        }
      }
    },
    "写作": {
      "cat": "写作",
      "count": 30,
      "metrics": {
        "gsb": {
          "obj": {
            "doubao": null,
            "qianwen": 0.08333333333333333,
            "gemini": 0.016666666666666666,
            "gpt": 0.0
          },
          "subj": {
            "doubao": null,
            "qianwen": -0.1,
            "gemini": -0.2,
            "gpt": -0.08333333333333333
          }
        },
        "pvalue": {
          "obj": {
            "doubao": null,
            "qianwen": 0.01602617312539545,
            "gemini": 0.5681173744163717,
            "gpt": 1.0
          },
          "subj": {
            "doubao": null,
            "qianwen": 0.15008088339166914,
            "gemini": 0.0024764719637992982,
            "gpt": 0.2487562601256974
          }
        },
        "usable": {
          "obj": {
            "doubao": 0.9,
            "qianwen": 0.7333333333333333,
            "gemini": 0.8666666666666667,
            "gpt": 0.9
          },
          "subj": {
            "doubao": 0.8666666666666667,
            "qianwen": 0.7,
            "gemini": 0.8666666666666667,
            "gpt": 0.8333333333333334
          }
        },
        "perfect": {
          "obj": {
            "doubao": 0.0,
            "qianwen": 0.0,
            "gemini": 0.0,
            "gpt": 0.0
          },
          "subj": {
            "doubao": 0.0,
            "qianwen": 0.0,
            "gemini": 0.0,
            "gpt": 0.0
          }
        },
        "quit": {
          "obj": {
            "doubao": 0.0,
            "qianwen": 0.03333333333333333,
            "gemini": 0.0,
            "gpt": 0.0
          },
          "subj": {
            "doubao": 0.03333333333333333,
            "qianwen": 0.03333333333333333,
            "gemini": 0.03333333333333333,
            "gpt": 0.03333333333333333
          }
        },
        "avg_score": {
          "obj": {
            "doubao": 0.725,
            "qianwen": 0.675,
            "gemini": 0.7166666666666667,
            "gpt": 0.725
          },
          "subj": {
            "doubao": 0.7083333333333334,
            "qianwen": 0.6666666666666666,
            "gemini": 0.7083333333333334,
            "gpt": 0.7
          }
        },
        "wordcount": {
          "doubao": 528.4634146341464,
          "qianwen": 1280.878048780488,
          "gemini": 1150.8536585365853,
          "gpt": 522.1219512195122
        }
      }
    },
    "语言": {
      "cat": "语言",
      "count": 18,